{"cameraMode":{"drawMode":0,"name":"Shaded","section":"Shading Mode"},"sceneLighting":false,"audioPlay":false,"sceneViewState":{"showFog":true,"showMaterialUpdate":false,"showSkybox":false,"showFlares":true,"showImageEffects":true,"showParticleSystems":true},"in2DMode":false,"pivot":{"x":-6.798207759857178,"y":14.28589916229248,"z":-15.189369201660157},"rotation":{"x":0.4169991612434387,"y":0.14218299090862275,"z":-0.06622590869665146,"w":0.8952721357345581},"size":20.40926742553711,"orthographic":false}