{"cameraMode":{"drawMode":0,"name":"Shaded","section":"Shading Mode"},"sceneLighting":true,"audioPlay":false,"sceneViewState":{"showFog":true,"showMaterialUpdate":false,"showSkybox":true,"showFlares":true,"showImageEffects":true,"showParticleSystems":true},"in2DMode":false,"pivot":{"x":140.3934783935547,"y":-94.0623550415039,"z":169.8419647216797},"rotation":{"x":-0.2224026471376419,"y":-0.5988441109657288,"z":0.17808711528778077,"w":-0.7485688924789429},"size":181.7127227783203,"orthographic":false}