{"cameraMode":{"drawMode":0,"name":"Shaded","section":"Shading Mode"},"sceneLighting":false,"audioPlay":false,"sceneViewState":{"showFog":true,"showMaterialUpdate":false,"showSkybox":false,"showFlares":true,"showImageEffects":true,"showParticleSystems":true},"in2DMode":false,"pivot":{"x":0.055351655930280688,"y":2.0328028202056886,"z":-3.5920915603637697},"rotation":{"x":0.2906166911125183,"y":0.012916919775307179,"z":-0.003923493903130293,"w":0.9567463397979736},"size":19.411991119384767,"orthographic":false}